<?xml version="1.0" encoding="UTF-8"?>
<beans xmlns="http://www.springframework.org/schema/beans"
	xmlns:xsi="http://www.w3.org/2001/XMLSchema-instance"
	xmlns:p="http://www.springframework.org/schema/p"
	xmlns:context="http://www.springframework.org/schema/context"
	xmlns:mvc="http://www.springframework.org/schema/mvc"
	xsi:schemaLocation="http://www.springframework.org/schema/mvc http://www.springframework.org/schema/mvc/spring-mvc-4.1.xsd
		http://www.springframework.org/schema/beans http://www.springframework.org/schema/beans/spring-beans-4.1.xsd
		http://www.springframework.org/schema/context http://www.springframework.org/schema/context/spring-context-4.1.xsd">
	 	<!-- 扫描指定包下面的注解 @Controller @Service @Repository -->
	<context:component-scan base-package="com.gdp.mooc"></context:component-scan>
	<!-- 添加mvc的注解驱动 -->
	<mvc:annotation-driven></mvc:annotation-driven>
	<!-- 注册拦截器 -->
	<mvc:interceptors>
	<!-- <mvc:interceptor>
	path中拦截的是地址，只要访问地址就会进行拦截
	<mvc:mapping path=""/>
	</mvc:interceptor> -->
	<bean class="com.gdp.mooc.util.MoocInterceptor"></bean>
	</mvc:interceptors>
	<!-- 配置解析器对象 -->
	<bean id="resourceViewResolver"
		class="org.springframework.web.servlet.view.InternalResourceViewResolver">
		<property name="prefix" value="/"></property>
		<property name="suffix" value=".jsp"></property>
	</bean>
	 
</beans>